"Order","Work item","Files","Dependency","Risk","Acceptance check","Status","Commit"
"1","Generate the source-driven radio/music audit and five review sheets","tools/radio-audit.mjs; docs/audits/radio/*.csv; docs/audits/SQUATCHSMASH-RADIO-AUDIT.xlsx; docs/audits/SQUATCHSMASH-RADIO-REVAMP.md","Current manifests, station data, scene contracts, campaign spine","Low","Generator --check passes; all five sheets render; every campaign beat is represented","DONE","This audit commit"
"2","Reconcile stale station comments and manifest semantics","src/core/stations.js; assets/music/manifest.json; src/core/radio.js; tests/radio-*.test.mjs","OWNER rules on legacy uncle/ksqch identities","Medium","Docs, manifest, runtime selection, and tests describe the same station model","WAITING ON OWNER",""
"3","Make receiver persistence consistent","src/luxury-apartment/main.js; src/mansion/main.js; src/core/campaign.js","Existing createCampaignRadioAdapter","Low","Power, volume, cursor, and selection survive reload without cross-receiver collisions","READY",""
"4","Add stop, restore, overlap, and teardown browser receipts","Existing Playwright scene verifiers; src/core/scene-lifecycle.js; audio residency tests","Stable receiver IDs and current music ownership","Medium","Each changed scene proves active keys, stops, reload state, console errors, and no unintended concurrent masters","READY",""
"5","Add repeatable duration, integrated-loudness, true-peak, and identity evidence","tools/audio-loudness-audit.mjs; docs/audits/radio/loudness-measurements.json; tools/radio-audit.mjs; generated Cue Inventory","Existing Playwright Chromium decoder; supervised listening/transcription for content identity","Medium","Every retained master has measured duration/LUFS/peak and verified content or an explicit exception","LOUDNESS DONE — CONTENT IDENTITY PENDING",""
"6","Resolve OWNER programming decisions","Problems and Decisions sheet","Owner chooses legacy stations, venue allocation, news coverage, provenance, and any host rewrite","High if guessed","Every OWNER row has an explicit answer; no track is silently replaced or deleted","WAITING ON OWNER",""
"7","Implement approved mechanical trigger, stop, restore, and selection fixes","src/core/radio.js; scene-owned score modules; manifests; relevant tests","Orders 2–6","Medium","Source contracts and real-browser receipts pass; owner-selected material remains intact","BLOCKED BY DECISIONS/EVIDENCE",""
"8","Run campaign-wide active-play music/dialogue mix QA","All Scene Timeline rows; Playwright traces and scene evidence","Mechanical fixes and loudness measurements","Medium","Dialogue remains intelligible; intentional silence lands; no stale loop crosses a scene handoff","PLANNED",""
"9","Regenerate ledgers and certify the final radio revamp","Generated dialogue/audio/take ledgers; check:radio-vo; scene tests; campaign marathon if handoffs change","Any authored line or route changes","Low","All applicable cue, take, audio, radio, scene, and campaign gates actually run and pass","PLANNED",""
